-- phpMyAdmin SQL Dump
-- version 4.8.5
-- https://www.phpmyadmin.net/
--
-- Host: 127.0.0.1
-- Generation Time: 01-Jun-2019 às 04:56
-- Versão do servidor: 10.1.39-MariaDB
-- versão do PHP: 7.3.5

SET SQL_MODE = "NO_AUTO_VALUE_ON_ZERO";
SET AUTOCOMMIT = 0;
START TRANSACTION;
SET time_zone = "+00:00";


/*!40101 SET @OLD_CHARACTER_SET_CLIENT=@@CHARACTER_SET_CLIENT */;
/*!40101 SET @OLD_CHARACTER_SET_RESULTS=@@CHARACTER_SET_RESULTS */;
/*!40101 SET @OLD_COLLATION_CONNECTION=@@COLLATION_CONNECTION */;
/*!40101 SET NAMES utf8mb4 */;

--
-- Database: `devdatabase`
--

-- --------------------------------------------------------

--
-- Estrutura da tabela `forca_palavra`
--

CREATE TABLE `forca_palavra` (
  `id_palavra` int(11) NOT NULL,
  `palavra` varchar(50) COLLATE latin1_general_ci NOT NULL,
  `id_tema` int(11) NOT NULL,
  `dicas` varchar(500) COLLATE latin1_general_ci NOT NULL
) ENGINE=InnoDB DEFAULT CHARSET=latin1 COLLATE=latin1_general_ci;

--
-- Extraindo dados da tabela `forca_palavra`
--

INSERT INTO `forca_palavra` (`id_palavra`, `palavra`, `id_tema`, `dicas`) VALUES
(1, 'TITANIC', 1, 'LONGO,NAVIO,AFUNDA'),
(3, 'MICROFONE', 2, 'CANTAR,FERRO,SOM');

-- --------------------------------------------------------

--
-- Estrutura da tabela `forca_sala`
--

CREATE TABLE `forca_sala` (
  `id_sala` int(11) NOT NULL,
  `id_tema` int(11) NOT NULL,
  `privada` char(1) COLLATE latin1_general_ci NOT NULL,
  `id_usuario` int(11) NOT NULL,
  `senha_sala` varchar(100) COLLATE latin1_general_ci DEFAULT NULL,
  `data_criacao` datetime NOT NULL,
  `id_adversario` int(11) NOT NULL,
  `id_vencedor` int(11) NOT NULL,
  `id_palavra` int(11) NOT NULL,
  `erros_usuario` int(2) NOT NULL,
  `erros_adversario` int(2) NOT NULL,
  `id_jogador_vez` int(11) NOT NULL,
  `sala_finalizada` varchar(1) COLLATE latin1_general_ci NOT NULL,
  `dicas_adversario` int(1) NOT NULL,
  `dicas_usuario` int(1) NOT NULL,
  `data_hora_atualizacao` datetime NOT NULL
) ENGINE=InnoDB DEFAULT CHARSET=latin1 COLLATE=latin1_general_ci;

--
-- Extraindo dados da tabela `forca_sala`
--

INSERT INTO `forca_sala` (`id_sala`, `id_tema`, `privada`, `id_usuario`, `senha_sala`, `data_criacao`, `id_adversario`, `id_vencedor`, `id_palavra`, `erros_usuario`, `erros_adversario`, `id_jogador_vez`, `sala_finalizada`, `dicas_adversario`, `dicas_usuario`, `data_hora_atualizacao`) VALUES
(49, 1, 'n', 11, '', '0000-00-00 00:00:00', 10, 11, 1, 1, 1, 11, 'S', 3, 2, '0000-00-00 00:00:00'),
(50, 1, 'n', 10, '', '0000-00-00 00:00:00', 11, 10, 1, 1, 2, 10, 'S', 0, 0, '0000-00-00 00:00:00'),
(51, 1, 'n', 11, '', '0000-00-00 00:00:00', 10, 11, 1, 0, 0, 11, 'S', 0, 0, '0000-00-00 00:00:00'),
(52, 1, 'n', 11, '', '0000-00-00 00:00:00', 10, 10, 1, 0, 0, 10, 'S', 0, 0, '0000-00-00 00:00:00'),
(53, 1, 'n', 10, '', '0000-00-00 00:00:00', 11, 11, 1, 0, 0, 11, 'S', 0, 0, '0000-00-00 00:00:00'),
(54, 1, 'n', 11, '', '0000-00-00 00:00:00', 10, 10, 1, 0, 0, 10, 'S', 0, 0, '0000-00-00 00:00:00'),
(55, 1, 'n', 11, '', '0000-00-00 00:00:00', 10, 10, 1, 0, 0, 10, 'S', 0, 0, '0000-00-00 00:00:00'),
(56, 1, 'n', 11, '', '0000-00-00 00:00:00', 10, 11, 1, 0, 0, 11, 'S', 0, 0, '0000-00-00 00:00:00'),
(57, 1, 'n', 10, '', '0000-00-00 00:00:00', 11, 10, 1, 0, 0, 10, 'S', 0, 0, '0000-00-00 00:00:00'),
(58, 1, 'n', 10, '', '0000-00-00 00:00:00', 11, 11, 1, 4, 3, 10, 'S', 3, 3, '0000-00-00 00:00:00'),
(59, 1, 'n', 11, '', '0000-00-00 00:00:00', 10, 10, 1, 4, 3, 11, 'S', 3, 3, '0000-00-00 00:00:00'),
(60, 1, 'n', 10, '', '0000-00-00 00:00:00', 11, 10, 1, 3, 4, 11, 'S', 3, 3, '0000-00-00 00:00:00'),
(61, 1, 'n', 10, '', '0000-00-00 00:00:00', 11, 10, 1, 3, 4, 11, 'S', 1, 0, '0000-00-00 00:00:00'),
(62, 1, 'n', 11, '', '0000-00-00 00:00:00', 10, 10, 1, 4, 3, 11, 'S', 0, 3, '0000-00-00 00:00:00'),
(63, 1, 'n', 11, '', '0000-00-00 00:00:00', 10, 11, 1, 3, 4, 10, 'S', 0, 3, '0000-00-00 00:00:00'),
(65, 1, 'n', 11, '', '0000-00-00 00:00:00', 10, 10, 1, 3, 2, 10, 'S', 1, 1, '0000-00-00 00:00:00'),
(66, 1, 'n', 10, '', '0000-00-00 00:00:00', 11, 11, 1, 3, 2, 11, 'S', 0, 0, '0000-00-00 00:00:00'),
(67, 1, 'n', 11, '', '0000-00-00 00:00:00', 10, 10, 1, 4, 3, 11, 'S', 0, 0, '0000-00-00 00:00:00'),
(68, 1, 'n', 11, '', '0000-00-00 00:00:00', 10, 11, 1, 1, 1, 11, 'S', 3, 1, '0000-00-00 00:00:00'),
(69, 1, 'n', 10, '', '0000-00-00 00:00:00', 11, 11, 1, 4, 3, 10, 'S', 0, 0, '0000-00-00 00:00:00'),
(70, 1, 'n', 11, '', '0000-00-00 00:00:00', 10, 10, 1, 4, 3, 11, 'S', 0, 0, '0000-00-00 00:00:00'),
(71, 1, 'n', 10, '', '0000-00-00 00:00:00', 11, 10, 1, 3, 4, 11, 'S', 0, 0, '0000-00-00 00:00:00'),
(73, 1, 'n', 11, '', '0000-00-00 00:00:00', 10, 10, 1, 4, 3, 11, 'S', 0, 0, '0000-00-00 00:00:00'),
(74, 1, 'n', 10, '', '0000-00-00 00:00:00', 11, 10, 1, 3, 4, 11, 'S', 0, 0, '0000-00-00 00:00:00'),
(75, 1, 'n', 11, '', '0000-00-00 00:00:00', 10, 10, 1, 4, 3, 11, 'S', 0, 0, '0000-00-00 00:00:00'),
(76, 1, 'n', 11, '', '0000-00-00 00:00:00', 10, 10, 1, 4, 3, 11, 'S', 0, 0, '0000-00-00 00:00:00'),
(77, 1, 'n', 10, '', '0000-00-00 00:00:00', 11, 10, 1, 3, 4, 11, 'S', 0, 0, '0000-00-00 00:00:00'),
(78, 1, 'n', 10, '', '0000-00-00 00:00:00', 11, 10, 1, 3, 4, 11, 'S', 0, 0, '0000-00-00 00:00:00'),
(79, 1, 'n', 10, '', '0000-00-00 00:00:00', 11, 11, 1, 4, 3, 10, 'S', 0, 0, '0000-00-00 00:00:00'),
(80, 1, 'n', 10, '', '0000-00-00 00:00:00', 11, 11, 1, 4, 3, 10, 'S', 0, 0, '0000-00-00 00:00:00'),
(81, 1, 'n', 11, '', '0000-00-00 00:00:00', 10, 10, 1, 4, 3, 11, 'S', 0, 0, '0000-00-00 00:00:00'),
(82, 1, 'n', 10, '', '0000-00-00 00:00:00', 11, 10, 1, 3, 4, 11, 'S', 0, 0, '0000-00-00 00:00:00'),
(83, 1, 'n', 10, '', '0000-00-00 00:00:00', 11, 10, 1, 3, 4, 11, 'S', 0, 0, '0000-00-00 00:00:00'),
(84, 1, 'n', 11, '', '0000-00-00 00:00:00', 10, 11, 1, 3, 4, 10, 'S', 0, 0, '0000-00-00 00:00:00'),
(85, 1, 'n', 10, '', '0000-00-00 00:00:00', 11, 11, 1, 4, 3, 10, 'S', 0, 0, '0000-00-00 00:00:00'),
(86, 1, 'n', 10, '', '0000-00-00 00:00:00', 11, 11, 1, 4, 3, 10, 'S', 0, 0, '0000-00-00 00:00:00'),
(87, 1, 'n', 10, '', '0000-00-00 00:00:00', 11, 10, 1, 3, 4, 11, 'S', 0, 0, '0000-00-00 00:00:00'),
(88, 1, 'n', 11, '', '0000-00-00 00:00:00', 10, 11, 1, 3, 4, 10, 'S', 0, 0, '0000-00-00 00:00:00'),
(89, 1, 'n', 10, '', '0000-00-00 00:00:00', 11, 10, 1, 3, 4, 11, 'S', 0, 0, '0000-00-00 00:00:00'),
(90, 1, 'n', 10, '', '0000-00-00 00:00:00', 11, 11, 1, 4, 3, 10, 'S', 0, 0, '0000-00-00 00:00:00'),
(91, 1, 'n', 10, '', '0000-00-00 00:00:00', 11, 10, 1, 1, 1, 10, 'S', 0, 0, '0000-00-00 00:00:00'),
(92, 1, 'n', 11, '', '0000-00-00 00:00:00', 10, 11, 1, 3, 4, 10, 'S', 0, 0, '0000-00-00 00:00:00'),
(93, 1, 'n', 11, '', '0000-00-00 00:00:00', 10, 11, 1, 0, 1, 11, 'S', 0, 0, '0000-00-00 00:00:00'),
(96, 1, 'n', 11, '', '0000-00-00 00:00:00', 10, 11, 1, 3, 4, 10, 'S', 0, 0, '0000-00-00 00:00:00'),
(98, 1, 'n', 10, '', '0000-00-00 00:00:00', 11, 10, 1, 3, 4, 11, 'S', 0, 0, '0000-00-00 00:00:00'),
(99, 1, 'n', 11, '', '0000-00-00 00:00:00', 10, 10, 1, 4, 3, 11, 'S', 0, 0, '0000-00-00 00:00:00'),
(100, 1, 'n', 11, '', '0000-00-00 00:00:00', 10, 10, 1, 4, 3, 11, 'S', 0, 0, '0000-00-00 00:00:00'),
(101, 1, 'n', 11, '', '0000-00-00 00:00:00', 10, 10, 1, 4, 3, 11, 'S', 0, 0, '0000-00-00 00:00:00'),
(102, 1, 'n', 11, '', '0000-00-00 00:00:00', 10, 10, 1, 4, 3, 11, 'S', 0, 0, '0000-00-00 00:00:00'),
(103, 1, 'n', 11, '', '0000-00-00 00:00:00', 10, 11, 1, 3, 4, 10, 'S', 0, 0, '0000-00-00 00:00:00'),
(104, 1, 'n', 11, '', '0000-00-00 00:00:00', 10, 10, 1, 4, 3, 11, 'S', 0, 0, '0000-00-00 00:00:00'),
(105, 1, 'n', 11, '', '0000-00-00 00:00:00', 10, 11, 1, 3, 4, 10, 'S', 0, 0, '0000-00-00 00:00:00'),
(106, 1, 'n', 11, '', '0000-00-00 00:00:00', 10, 11, 1, 3, 4, 10, 'S', 0, 0, '0000-00-00 00:00:00'),
(107, 1, 'n', 10, '', '0000-00-00 00:00:00', 11, 11, 1, 4, 3, 10, 'S', 0, 0, '0000-00-00 00:00:00'),
(108, 1, 'n', 11, '', '0000-00-00 00:00:00', 10, 11, 1, 3, 4, 10, 'S', 0, 0, '0000-00-00 00:00:00'),
(109, 1, 'n', 11, '', '0000-00-00 00:00:00', 10, 10, 1, 4, 3, 11, 'S', 0, 0, '0000-00-00 00:00:00'),
(110, 1, 'n', 11, '', '0000-00-00 00:00:00', 10, 10, 1, 1, 1, 10, 'S', 0, 0, '0000-00-00 00:00:00'),
(111, 1, 'n', 11, '', '0000-00-00 00:00:00', 10, 11, 1, 3, 4, 10, 'S', 0, 0, '0000-00-00 00:00:00'),
(112, 1, 'n', 10, '', '0000-00-00 00:00:00', 11, 11, 1, 4, 2, 10, 'S', 0, 0, '0000-00-00 00:00:00'),
(113, 1, 'n', 10, '', '0000-00-00 00:00:00', 11, 10, 1, 3, 4, 11, 'S', 0, 0, '0000-00-00 00:00:00'),
(114, 1, 'n', 11, '', '0000-00-00 00:00:00', 10, 11, 1, 0, 1, 11, 'S', 0, 0, '0000-00-00 00:00:00'),
(115, 1, 'n', 11, '', '0000-00-00 00:00:00', 10, 10, 1, 1, 0, 10, 'S', 0, 0, '0000-00-00 00:00:00'),
(116, 1, 'n', 11, '', '0000-00-00 00:00:00', 10, 0, 1, 2, 2, 11, 'S', 0, 0, '0000-00-00 00:00:00'),
(117, 1, 'n', 11, '', '0000-00-00 00:00:00', 10, 0, 1, 1, 0, 10, 'S', 0, 0, '0000-00-00 00:00:00'),
(118, 1, 'n', 10, '', '0000-00-00 00:00:00', 0, 0, 0, 0, 0, 0, 'S', 0, 0, '0000-00-00 00:00:00'),
(119, 1, 'n', 11, '', '0000-00-00 00:00:00', 10, 10, 1, 4, 3, 11, 'S', 0, 0, '0000-00-00 00:00:00'),
(120, 1, 'n', 10, '', '0000-00-00 00:00:00', 11, 0, 1, 2, 1, 11, 'S', 3, 3, '0000-00-00 00:00:00'),
(121, 1, 'n', 10, '', '0000-00-00 00:00:00', 11, 0, 1, 3, 3, 11, 'S', 0, 0, '0000-00-00 00:00:00'),
(122, 1, 'n', 11, '', '0000-00-00 00:00:00', 10, 10, 1, 4, 3, 11, 'S', 0, 3, '0000-00-00 00:00:00'),
(123, 1, 'n', 11, '', '0000-00-00 00:00:00', 10, 11, 1, 3, 4, 10, 'S', 0, 0, '0000-00-00 00:00:00'),
(124, 1, 'n', 11, '', '0000-00-00 00:00:00', 10, 10, 1, 4, 3, 11, 'S', 0, 0, '0000-00-00 00:00:00'),
(125, 1, 'n', 11, '', '0000-00-00 00:00:00', 10, 11, 1, 3, 4, 10, 'S', 0, 0, '0000-00-00 00:00:00'),
(126, 1, 'n', 11, '', '0000-00-00 00:00:00', 10, 10, 1, 4, 3, 11, 'S', 0, 0, '0000-00-00 00:00:00'),
(127, 1, 'n', 10, '', '0000-00-00 00:00:00', 11, 10, 1, 3, 4, 11, 'S', 0, 0, '0000-00-00 00:00:00'),
(128, 1, 'n', 10, '', '0000-00-00 00:00:00', 11, 11, 1, 4, 3, 10, 'S', 0, 0, '0000-00-00 00:00:00'),
(129, 1, 'n', 10, '', '0000-00-00 00:00:00', 11, 11, 1, 4, 3, 10, 'S', 0, 0, '0000-00-00 00:00:00'),
(130, 1, 'n', 11, '', '0000-00-00 00:00:00', 10, 11, 1, 3, 4, 10, 'S', 0, 0, '0000-00-00 00:00:00'),
(131, 1, 'n', 11, '', '0000-00-00 00:00:00', 10, 11, 1, 1, 2, 11, 'S', 0, 0, '0000-00-00 00:00:00'),
(132, 1, 'n', 11, '', '0000-00-00 00:00:00', 10, 10, 1, 4, 3, 11, 'S', 0, 0, '0000-00-00 00:00:00'),
(133, 1, 'n', 11, '', '0000-00-00 00:00:00', 10, 11, 1, 3, 4, 10, 'S', 0, 0, '0000-00-00 00:00:00'),
(134, 1, 'n', 11, '', '0000-00-00 00:00:00', 10, 11, 1, 3, 4, 10, 'S', 0, 0, '0000-00-00 00:00:00'),
(135, 1, 'n', 11, '', '0000-00-00 00:00:00', 10, 11, 1, 3, 4, 10, 'S', 0, 0, '0000-00-00 00:00:00'),
(136, 1, 'n', 11, '', '0000-00-00 00:00:00', 10, 10, 1, 4, 3, 11, 'S', 0, 2, '0000-00-00 00:00:00'),
(137, 1, 'n', 10, '', '0000-00-00 00:00:00', 11, 11, 1, 0, 0, 11, 'S', 2, 0, '0000-00-00 00:00:00'),
(138, 1, 'n', 11, '', '0000-00-00 00:00:00', 10, 11, 1, 0, 0, 11, 'S', 0, 0, '0000-00-00 00:00:00'),
(139, 1, 'n', 10, '', '0000-00-00 00:00:00', 11, 10, 1, 0, 0, 10, 'S', 0, 0, '0000-00-00 00:00:00'),
(140, 1, 'n', 10, '', '0000-00-00 00:00:00', 11, 11, 1, 2, 1, 11, 'S', 0, 0, '0000-00-00 00:00:00'),
(141, 1, 'n', 10, '', '0000-00-00 00:00:00', 11, 11, 1, 0, 0, 11, 'S', 0, 0, '0000-00-00 00:00:00'),
(142, 1, 'n', 10, '', '0000-00-00 00:00:00', 11, 10, 1, 0, 0, 10, 'S', 0, 0, '0000-00-00 00:00:00'),
(143, 1, 'n', 11, '', '0000-00-00 00:00:00', 10, 10, 1, 0, 0, 10, 'S', 0, 0, '0000-00-00 00:00:00'),
(144, 1, 'n', 10, '', '0000-00-00 00:00:00', 11, 10, 1, 3, 4, 11, 'S', 1, 3, '0000-00-00 00:00:00'),
(145, 1, 'n', 10, '', '0000-00-00 00:00:00', 11, 10, 1, 3, 4, 11, 'S', 0, 3, '0000-00-00 00:00:00'),
(146, 1, 'n', 10, '', '0000-00-00 00:00:00', 11, 10, 1, 0, 1, 10, 'S', 3, 3, '0000-00-00 00:00:00'),
(147, 1, 'n', 11, '', '0000-00-00 00:00:00', 10, 0, 1, 2, 2, 10, 'S', 3, 3, '0000-00-00 00:00:00'),
(148, 1, 'n', 10, '', '0000-00-00 00:00:00', 11, 0, 1, 0, 1, 10, 'S', 3, 3, '0000-00-00 00:00:00'),
(149, 1, 'n', 10, '', '0000-00-00 00:00:00', 11, 11, 1, 4, 3, 10, 'S', 3, 3, '0000-00-00 00:00:00'),
(150, 1, 'n', 10, '', '0000-00-00 00:00:00', 11, 10, 1, 3, 4, 11, 'S', 0, 0, '0000-00-00 00:00:00'),
(151, 1, 'n', 10, '', '0000-00-00 00:00:00', 11, 0, 1, 2, 3, 10, 'S', 3, 3, '0000-00-00 00:00:00'),
(152, 1, 'n', 10, '', '0000-00-00 00:00:00', 11, 10, 1, 3, 4, 11, 'S', 0, 0, '0000-00-00 00:00:00'),
(153, 1, 'n', 10, '', '0000-00-00 00:00:00', 11, 10, 1, 3, 4, 11, 'S', 0, 3, '0000-00-00 00:00:00'),
(154, 1, 'n', 10, '', '0000-00-00 00:00:00', 11, 11, 1, 4, 3, 10, 'S', 3, 3, '0000-00-00 00:00:00'),
(155, 1, 'n', 11, '', '0000-00-00 00:00:00', 10, 10, 1, 4, 3, 11, 'S', 3, 3, '0000-00-00 00:00:00'),
(156, 1, 'n', 10, '', '0000-00-00 00:00:00', 11, 11, 1, 2, 1, 11, 'S', 3, 3, '0000-00-00 00:00:00'),
(157, 1, 'n', 10, '', '0000-00-00 00:00:00', 11, 0, 1, 1, 1, 10, 'S', 3, 3, '0000-00-00 00:00:00'),
(158, 1, 'n', 11, '', '0000-00-00 00:00:00', 10, 10, 1, 4, 3, 11, 'S', 2, 0, '0000-00-00 00:00:00'),
(159, 1, 'n', 10, '', '0000-00-00 00:00:00', 11, 11, 1, 1, 0, 11, 'S', 0, 0, '0000-00-00 00:00:00'),
(160, 1, 'n', 10, '', '0000-00-00 00:00:00', 11, 11, 1, 4, 3, 10, 'S', 0, 1, '0000-00-00 00:00:00'),
(161, 1, 'n', 11, '', '0000-00-00 00:00:00', 10, 10, 1, 4, 3, 11, 'S', 3, 3, '0000-00-00 00:00:00'),
(162, 1, 'n', 11, '', '0000-00-00 00:00:00', 10, 11, 1, 3, 4, 11, 'S', 0, 0, '0000-00-00 00:00:00'),
(163, 1, 'n', 11, '', '0000-00-00 00:00:00', 10, 10, 1, 4, 3, 11, 'S', 0, 0, '0000-00-00 00:00:00'),
(164, 1, 'n', 11, '', '0000-00-00 00:00:00', 10, 10, 1, 4, 3, 11, 'S', 0, 0, '0000-00-00 00:00:00'),
(165, 1, 'n', 10, '', '0000-00-00 00:00:00', 11, 10, 1, 3, 4, 11, 'S', 0, 0, '0000-00-00 00:00:00'),
(166, 1, 'n', 10, '', '2019-05-31 00:00:00', 0, 0, 0, 0, 0, 0, 'S', 0, 0, '0000-00-00 00:00:00'),
(167, 1, 'n', 10, '', '2019-05-31 12:37:00', 0, 0, 0, 0, 0, 0, 'S', 0, 0, '0000-00-00 00:00:00'),
(168, 1, 'n', 10, '', '2019-05-31 12:38:00', 0, 0, 0, 0, 0, 0, 'S', 0, 0, '0000-00-00 00:00:00'),
(169, 1, 'n', 10, '', '2019-05-31 12:38:00', 0, 0, 0, 0, 0, 0, 'S', 0, 0, '0000-00-00 00:00:00'),
(170, 1, 'n', 10, '', '2019-05-31 12:38:48', 0, 0, 0, 0, 0, 0, 'S', 0, 0, '0000-00-00 00:00:00'),
(171, 1, 'n', 10, '', '2019-05-31 19:00:39', 0, 0, 0, 0, 0, 0, 'S', 0, 0, '0000-00-00 00:00:00'),
(172, 1, 'n', 10, '', '2019-05-31 19:02:41', 11, 10, 1, 0, 0, 10, 'S', 0, 0, '0000-00-00 00:00:00'),
(173, 1, 'n', 11, '', '2019-05-31 19:04:32', 10, 0, 1, 1, 0, 10, 'S', 3, 3, '0000-00-00 00:00:00'),
(174, 1, 'n', 11, '', '2019-05-31 22:45:43', 0, 0, 0, 0, 0, 0, 'S', 0, 0, '0000-00-00 00:00:00'),
(175, 1, 'n', 10, '', '2019-05-31 22:51:20', 0, 0, 0, 0, 0, 0, 'S', 0, 0, '0000-00-00 00:00:00'),
(176, 1, 'n', 10, '', '2019-05-31 23:10:44', 11, 10, 1, 3, 4, 11, 'S', 0, 0, '0000-00-00 00:00:00'),
(177, 1, 'n', 10, '', '2019-05-31 23:12:04', 11, 10, 1, 3, 4, 11, 'S', 0, 0, '0000-00-00 00:00:00'),
(178, 1, 'n', 11, '', '2019-05-31 23:53:50', 10, 10, 1, 3, 2, 10, 'S', 0, 0, '0000-00-00 00:00:00'),
(179, 1, 'n', 11, '', '2019-05-31 23:55:27', 10, 10, 1, 4, 3, 11, 'S', 0, 0, '0000-00-00 00:00:00');

-- --------------------------------------------------------

--
-- Estrutura da tabela `forca_sala_letras`
--

CREATE TABLE `forca_sala_letras` (
  `id_sala` int(11) NOT NULL,
  `letra` varchar(1) NOT NULL,
  `id_jogador` int(11) NOT NULL
) ENGINE=InnoDB DEFAULT CHARSET=latin1;

--
-- Extraindo dados da tabela `forca_sala_letras`
--

INSERT INTO `forca_sala_letras` (`id_sala`, `letra`, `id_jogador`) VALUES
(34, 'C', 5),
(34, 'D', 5),
(34, 'E', 5),
(34, 'F', 5),
(34, 'I', 5),
(34, 'M', 5),
(34, 'N', 5),
(34, 'O', 5),
(34, 'R', 5),
(35, 'C', 9),
(35, 'D', 9),
(35, 'E', 5),
(35, 'G', 9),
(35, 'I', 9),
(35, 'M', 9),
(37, 'I', 9),
(39, 'F', 5),
(39, 'H', 9),
(39, 'I', 5),
(39, 'M', 5),
(40, 'B', 5),
(40, 'C', 5),
(40, 'D', 5),
(40, 'I', 9),
(40, 'M', 5),
(40, 'O', 9),
(41, 'C', 5),
(41, 'E', 9),
(41, 'G', 9),
(41, 'I', 9),
(41, 'M', 9),
(41, 'N', 9),
(41, 'O', 5),
(41, 'R', 5),
(42, 'C', 9),
(42, 'E', 9),
(42, 'F', 5),
(42, 'G', 9),
(42, 'H', 5),
(42, 'I', 9),
(42, 'M', 5),
(42, 'N', 9),
(42, 'O', 9),
(42, 'R', 9),
(43, 'M', 5),
(44, 'D', 5),
(45, 'D', 5),
(46, 'C', 5),
(46, 'E', 5),
(46, 'F', 9),
(46, 'I', 5),
(46, 'M', 5),
(46, 'N', 5),
(46, 'O', 5),
(46, 'R', 5),
(47, 'A', 11),
(47, 'C', 11),
(47, 'I', 10),
(47, 'M', 10),
(47, 'N', 10),
(47, 'T', 10),
(49, 'A', 11),
(49, 'C', 11),
(49, 'I', 11),
(49, 'M', 10),
(49, 'N', 11),
(49, 'T', 11),
(50, 'A', 10),
(50, 'C', 10),
(50, 'I', 10),
(50, 'M', 11),
(50, 'N', 10),
(50, 'T', 10),
(51, 'A', 11),
(51, 'C', 11),
(51, 'I', 11),
(51, 'N', 11),
(51, 'T', 11),
(52, 'A', 10),
(52, 'C', 10),
(52, 'I', 10),
(52, 'N', 10),
(52, 'T', 10),
(53, 'A', 11),
(53, 'C', 11),
(53, 'I', 11),
(53, 'N', 11),
(53, 'T', 11),
(54, 'A', 10),
(54, 'C', 10),
(54, 'I', 10),
(54, 'N', 10),
(54, 'T', 10),
(55, 'A', 10),
(55, 'C', 10),
(55, 'I', 10),
(55, 'N', 10),
(55, 'T', 10),
(56, 'A', 11),
(56, 'C', 11),
(56, 'I', 11),
(56, 'N', 11),
(56, 'T', 11),
(57, 'A', 10),
(57, 'C', 10),
(57, 'I', 10),
(57, 'N', 10),
(57, 'T', 10),
(59, 'K', 10),
(59, 'X', 11),
(63, 'I', 11),
(63, 'M', 10),
(63, 'T', 11),
(65, 'A', 11),
(65, 'C', 10),
(65, 'D', 11),
(65, 'I', 11),
(65, 'M', 10),
(65, 'N', 11),
(65, 'T', 11),
(66, 'A', 10),
(66, 'B', 10),
(66, 'C', 11),
(66, 'F', 10),
(66, 'H', 11),
(66, 'I', 10),
(66, 'K', 10),
(66, 'N', 11),
(66, 'T', 11),
(67, 'M', 11),
(68, 'A', 10),
(68, 'B', 11),
(68, 'C', 11),
(68, 'I', 11),
(68, 'N', 11),
(68, 'T', 10),
(75, 'G', 11),
(76, 'D', 11),
(78, 'A', 11),
(78, 'B', 11),
(80, 'C', 11),
(80, 'D', 11),
(81, 'D', 10),
(81, 'E', 11),
(81, 'F', 10),
(81, 'H', 11),
(82, 'D', 11),
(82, 'E', 10),
(82, 'F', 11),
(84, 'R', 10),
(84, 'T', 10),
(86, 'B', 11),
(86, 'D', 11),
(87, 'E', 10),
(91, 'A', 10),
(91, 'C', 10),
(91, 'D', 10),
(91, 'I', 11),
(91, 'N', 10),
(91, 'T', 11),
(92, 'L', 10),
(92, 'M', 11),
(92, 'N', 11),
(92, 'O', 11),
(92, 'P', 10),
(93, 'A', 11),
(93, 'C', 11),
(93, 'E', 10),
(93, 'I', 11),
(93, 'N', 11),
(93, 'T', 11),
(110, 'A', 10),
(110, 'C', 10),
(110, 'G', 10),
(110, 'I', 11),
(110, 'J', 11),
(110, 'N', 10),
(110, 'T', 10),
(113, 'H', 11),
(113, 'I', 10),
(113, 'J', 10),
(113, 'K', 11),
(113, 'L', 10),
(113, 'M', 11),
(114, 'A', 11),
(114, 'C', 11),
(114, 'G', 10),
(114, 'I', 11),
(114, 'N', 11),
(114, 'T', 11),
(115, 'A', 10),
(115, 'C', 10),
(115, 'I', 10),
(115, 'N', 10),
(115, 'T', 10),
(116, 'I', 11),
(116, 'J', 11),
(121, 'B', 10),
(121, 'D', 10),
(121, 'K', 11),
(121, 'L', 11),
(121, 'S', 11),
(122, 'A', 11),
(122, 'F', 11),
(122, 'H', 11),
(122, 'J', 11),
(122, 'K', 11),
(123, 'F', 11),
(123, 'J', 11),
(124, 'I', 10),
(124, 'J', 10),
(127, 'A', 11),
(127, 'C', 11),
(127, 'D', 11),
(127, 'H', 11),
(128, 'C', 10),
(128, 'D', 10),
(128, 'F', 10),
(128, 'Y', 11),
(129, 'N', 10),
(129, 'O', 10),
(131, 'A', 10),
(131, 'B', 10),
(131, 'C', 11),
(131, 'I', 11),
(131, 'N', 11),
(131, 'T', 11),
(131, 'Y', 11),
(134, 'A', 10),
(134, 'B', 10),
(136, 'A', 11),
(136, 'I', 11),
(136, 'T', 11),
(137, 'A', 11),
(137, 'C', 11),
(137, 'I', 11),
(137, 'N', 11),
(137, 'T', 11),
(138, 'A', 11),
(138, 'C', 11),
(138, 'I', 11),
(138, 'N', 11),
(138, 'T', 11),
(139, 'A', 10),
(139, 'C', 10),
(139, 'I', 10),
(139, 'N', 10),
(139, 'T', 10),
(140, 'A', 11),
(140, 'C', 11),
(140, 'D', 10),
(140, 'I', 11),
(140, 'N', 11),
(140, 'O', 11),
(140, 'T', 11),
(141, 'A', 11),
(141, 'C', 11),
(141, 'I', 11),
(141, 'N', 11),
(141, 'T', 11),
(142, 'A', 10),
(142, 'C', 10),
(142, 'I', 10),
(142, 'N', 10),
(142, 'T', 10),
(143, 'A', 10),
(143, 'C', 10),
(143, 'I', 10),
(143, 'N', 10),
(143, 'T', 10),
(145, 'D', 11),
(145, 'G', 11),
(145, 'J', 10),
(145, 'O', 10),
(145, 'S', 11),
(145, 'Z', 10),
(146, 'A', 11),
(146, 'C', 10),
(146, 'I', 11),
(146, 'N', 10),
(146, 'O', 11),
(146, 'T', 11),
(147, 'A', 11),
(147, 'C', 11),
(147, 'D', 11),
(155, 'P', 10),
(156, 'A', 11),
(156, 'C', 11),
(156, 'I', 11),
(156, 'N', 11),
(156, 'T', 11),
(157, 'I', 10),
(157, 'T', 10),
(159, 'A', 11),
(159, 'C', 11),
(159, 'I', 11),
(159, 'N', 11),
(159, 'T', 11),
(160, 'P', 10),
(165, 'T', 10),
(172, 'A', 10),
(172, 'C', 10),
(172, 'I', 10),
(172, 'N', 10),
(172, 'T', 10),
(177, 'A', 10),
(177, 'B', 10),
(177, 'I', 10),
(177, 'N', 10),
(177, 'T', 10),
(178, 'A', 10),
(178, 'B', 10),
(178, 'C', 10),
(178, 'D', 11),
(178, 'F', 11),
(178, 'I', 10),
(178, 'N', 10),
(178, 'Q', 10),
(178, 'T', 10),
(179, 'A', 10),
(179, 'B', 10),
(179, 'I', 10),
(179, 'K', 10),
(179, 'L', 11),
(179, 'N', 10),
(179, 'T', 10);

-- --------------------------------------------------------

--
-- Estrutura da tabela `forca_score`
--

CREATE TABLE `forca_score` (
  `id_score` int(11) NOT NULL,
  `id_usuario` int(11) NOT NULL,
  `score` varchar(45) COLLATE latin1_general_ci NOT NULL DEFAULT '0'
) ENGINE=InnoDB DEFAULT CHARSET=latin1 COLLATE=latin1_general_ci;

--
-- Extraindo dados da tabela `forca_score`
--

INSERT INTO `forca_score` (`id_score`, `id_usuario`, `score`) VALUES
(1, 2, '0'),
(2, 3, '0'),
(3, 4, '0'),
(4, 5, '0'),
(5, 6, '0'),
(6, 7, '0'),
(7, 8, '0'),
(8, 9, '0'),
(9, 10, '0'),
(10, 11, '0');

-- --------------------------------------------------------

--
-- Estrutura da tabela `forca_tema`
--

CREATE TABLE `forca_tema` (
  `id_tema` int(11) NOT NULL,
  `tema` varchar(45) COLLATE latin1_general_ci NOT NULL
) ENGINE=InnoDB DEFAULT CHARSET=latin1 COLLATE=latin1_general_ci;

--
-- Extraindo dados da tabela `forca_tema`
--

INSERT INTO `forca_tema` (`id_tema`, `tema`) VALUES
(1, 'CINEMA'),
(2, 'MUSICA'),
(4, 'LUGAR'),
(5, 'GASTRONOMIA'),
(6, 'ESCOLA'),
(7, 'PESSOA');

-- --------------------------------------------------------

--
-- Estrutura da tabela `forca_tema_img`
--

CREATE TABLE `forca_tema_img` (
  `id_img` int(11) NOT NULL,
  `id_tema` int(11) NOT NULL,
  `img_tema` varchar(500) COLLATE latin1_general_ci DEFAULT NULL,
  `img_tema_tela` varchar(500) COLLATE latin1_general_ci DEFAULT NULL,
  `img_tema_tela2` varchar(500) COLLATE latin1_general_ci DEFAULT NULL
) ENGINE=InnoDB DEFAULT CHARSET=latin1 COLLATE=latin1_general_ci;

-- --------------------------------------------------------

--
-- Estrutura da tabela `forca_user_log`
--

CREATE TABLE `forca_user_log` (
  `id_usuario` int(11) NOT NULL,
  `data_hora` datetime NOT NULL
) ENGINE=InnoDB DEFAULT CHARSET=latin1;

--
-- Extraindo dados da tabela `forca_user_log`
--

INSERT INTO `forca_user_log` (`id_usuario`, `data_hora`) VALUES
(10, '2019-05-31 23:08:42'),
(11, '2019-05-31 23:11:00');

-- --------------------------------------------------------

--
-- Estrutura da tabela `forca_usuario`
--

CREATE TABLE `forca_usuario` (
  `id_usuario` int(11) NOT NULL,
  `nome` varchar(45) COLLATE latin1_general_ci NOT NULL,
  `login` varchar(45) COLLATE latin1_general_ci NOT NULL,
  `senha` varchar(100) COLLATE latin1_general_ci NOT NULL,
  `perfil` varchar(3) COLLATE latin1_general_ci NOT NULL,
  `creditos` int(11) NOT NULL,
  `id_personagem` int(11) NOT NULL
) ENGINE=InnoDB DEFAULT CHARSET=latin1 COLLATE=latin1_general_ci;

--
-- Extraindo dados da tabela `forca_usuario`
--

INSERT INTO `forca_usuario` (`id_usuario`, `nome`, `login`, `senha`, `perfil`, `creditos`, `id_personagem`) VALUES
(10, 'John', 'Joan', 'e8d95a51f3af4a3b134bf6bb680a213a', 'pla', 99859, 0),
(11, 'Maria', 'Mary', 'e8d95a51f3af4a3b134bf6bb680a213a', 'pla', 99873, 0);

--
-- Indexes for dumped tables
--

--
-- Indexes for table `forca_palavra`
--
ALTER TABLE `forca_palavra`
  ADD PRIMARY KEY (`id_palavra`);

--
-- Indexes for table `forca_sala`
--
ALTER TABLE `forca_sala`
  ADD PRIMARY KEY (`id_sala`);

--
-- Indexes for table `forca_sala_letras`
--
ALTER TABLE `forca_sala_letras`
  ADD UNIQUE KEY `PK` (`id_sala`,`letra`);

--
-- Indexes for table `forca_score`
--
ALTER TABLE `forca_score`
  ADD PRIMARY KEY (`id_score`);

--
-- Indexes for table `forca_tema`
--
ALTER TABLE `forca_tema`
  ADD PRIMARY KEY (`id_tema`);

--
-- Indexes for table `forca_tema_img`
--
ALTER TABLE `forca_tema_img`
  ADD PRIMARY KEY (`id_img`);

--
-- Indexes for table `forca_user_log`
--
ALTER TABLE `forca_user_log`
  ADD PRIMARY KEY (`id_usuario`) USING BTREE;

--
-- Indexes for table `forca_usuario`
--
ALTER TABLE `forca_usuario`
  ADD PRIMARY KEY (`id_usuario`),
  ADD UNIQUE KEY `U_Login` (`login`);

--
-- AUTO_INCREMENT for dumped tables
--

--
-- AUTO_INCREMENT for table `forca_palavra`
--
ALTER TABLE `forca_palavra`
  MODIFY `id_palavra` int(11) NOT NULL AUTO_INCREMENT, AUTO_INCREMENT=4;

--
-- AUTO_INCREMENT for table `forca_sala`
--
ALTER TABLE `forca_sala`
  MODIFY `id_sala` int(11) NOT NULL AUTO_INCREMENT, AUTO_INCREMENT=180;

--
-- AUTO_INCREMENT for table `forca_score`
--
ALTER TABLE `forca_score`
  MODIFY `id_score` int(11) NOT NULL AUTO_INCREMENT, AUTO_INCREMENT=11;

--
-- AUTO_INCREMENT for table `forca_tema`
--
ALTER TABLE `forca_tema`
  MODIFY `id_tema` int(11) NOT NULL AUTO_INCREMENT, AUTO_INCREMENT=8;

--
-- AUTO_INCREMENT for table `forca_usuario`
--
ALTER TABLE `forca_usuario`
  MODIFY `id_usuario` int(11) NOT NULL AUTO_INCREMENT, AUTO_INCREMENT=12;
COMMIT;

/*!40101 SET CHARACTER_SET_CLIENT=@OLD_CHARACTER_SET_CLIENT */;
/*!40101 SET CHARACTER_SET_RESULTS=@OLD_CHARACTER_SET_RESULTS */;
/*!40101 SET COLLATION_CONNECTION=@OLD_COLLATION_CONNECTION */;
